"DESCRIPTION","DURATION IN MS","NAME","PARENT SUITE","START TIME","STATUS","STOP TIME","SUB SUITE","SUITE","TEST CLASS","TEST METHOD"
"","317","@smoke API limite param respectée","smoke-api","2026-09-28","passed","2026-09-28","","api/product.spec.ts","",""
"","2047","@smoke TC-01 — Chargement de la page boutique","smoke-chrome","2026-09-28","passed","2026-09-28","Store Page — Plan TC-01 à TC-10 > Partie 1 — Affichage des produits","e2e/store-page-plan.spec.ts","",""
"","12296","@smoke TC-04 — Chaque carte affiche un titre non vide","smoke-chrome","2026-09-28","passed","2026-09-28","Store Page — Plan TC-01 à TC-10 > Partie 1 — Affichage des produits","e2e/store-page-plan.spec.ts","",""
"","3008","@smoke déjà connecté à zotoshop et panier accessible","smoke-chrome","2026-09-28","passed","2026-09-28","Tests de connexion","e2e/connected.spec.ts","",""
"","2178","@smoke AC2 : le premier produit a un prix strictement positif","smoke-chrome","2026-09-28","passed","2026-09-28","ZSHOP-2 — Le prix de chaque produit est affiché","e2e/zshop-2-genere-ia.spec.ts","",""
"","18800","@smoke ajouter un produit incrémente le compteur de navigation","smoke-chrome","2026-09-28","passed","2026-09-28","@smoke Panier — ajout d'article","e2e/panier-corrige.spec.ts","",""
"","386","@smoke API détail d'un produit","smoke-api","2026-09-28","passed","2026-09-28","","api/product.spec.ts","",""
"","1253","@smoke TC-07 — Chaque carte affiche un prix visible","smoke-chrome","2026-09-28","passed","2026-09-28","Store Page — Plan TC-01 à TC-10 > Partie 2 — Prix","e2e/store-page-plan.spec.ts","",""
"","332","@smoke API liste des régions","smoke-api","2026-09-28","passed","2026-09-28","","api/product.spec.ts","",""
"","2820","@smoke devrait être connecté grâce au global setup","smoke-chrome","2026-09-28","passed","2026-09-28","Tests de connexion","e2e/connected.spec.ts","",""
"","216","@smoke API count total cohérent","smoke-api","2026-09-28","passed","2026-09-28","","api/product.spec.ts","",""
"","322","@smoke API content-type JSON","smoke-api","2026-09-28","passed","2026-09-28","","api/product.spec.ts","",""
"","13008","@smoke TC-02 — Au moins un produit est affiché","smoke-chrome","2026-09-28","passed","2026-09-28","Store Page — Plan TC-01 à TC-10 > Partie 1 — Affichage des produits","e2e/store-page-plan.spec.ts","",""
"","1685","@smoke chaque produit a un titre non vide","smoke-chrome","2026-09-28","passed","2026-09-28","@regression Store page - POM","e2e/store-page.pom.spec.ts","",""
"","204","@smoke API pagination offset 0","smoke-api","2026-09-28","passed","2026-09-28","","api/product.spec.ts","",""
"","12491","@regression @smoke store affiche au moins un produit","smoke-chrome","2026-09-28","passed","2026-09-28","@regression Store page - POM","e2e/store-page.pom.spec.ts","",""
"","2749","@smoke TC-08 — Le premier prix est strictement positif","smoke-chrome","2026-09-28","passed","2026-09-28","Store Page — Plan TC-01 à TC-10 > Partie 2 — Prix","e2e/store-page-plan.spec.ts","",""
"","12544","@regression @smoke le premier produit a un prix positif","smoke-chrome","2026-09-28","passed","2026-09-28","@regression Store page - POM","e2e/store-page.pom.spec.ts","",""
"","8330","@smoke AC1 : la boutique affiche au moins un produit","smoke-chrome","2026-09-28","passed","2026-09-28","ZSHOP-2 — Le prix de chaque produit est affiché","e2e/zshop-2-genere-ia.spec.ts","",""
"","30328","@smoke déjà connecté à zotoshop et store accessible","smoke-chrome","2026-09-28","broken","2026-09-28","Tests de connexion","e2e/connected.spec.ts","",""
"","19336","@smoke ajouter un produit au panier affiche le panier non vide","smoke-chrome","2026-09-28","passed","2026-09-28","@smoke Panier — ajout d'article","e2e/panier-corrige.spec.ts","",""
"","442","@smoke API liste produits","smoke-api","2026-09-28","passed","2026-09-28","Tests de connexion","api/product.spec.ts","",""
"","347","@smoke API check publishable key valide","smoke-api","2026-09-28","passed","2026-09-28","","api/product.spec.ts","",""
